,tweet,asal_tweet
0,Presiden Joko Widodo (Jokowi) mengatakan pandemi virus corona (Covid-19) membuat pemerintah melakukan reformasi di berbagai sektor.,"Malang, Jawa Timur"
1,"Lalu, pada tahun 2012 kembali terjadi epidemi dari virus corona jenis baru yakni MERS-CoV.","Malang, Jawa Timur"
2,"Seperti, pandemi SARS pada tahun 2003 lalu yang diakibatkan oleh munculnya virus corona SARS-CoV.","Malang, Jawa Timur"
3,"Sebab, kontribusi masyarakat untuk menjaga kesehatan sangat diperlukan untuk memberantas virus corona di Indonesia.","Malang, Jawa Timur"
4,Salah satunya karena dikhawatirkan jenazah tersebut masih dapat menularkan virus Corona.,"Malang, Jawa Timur"
5,Pemerintah akan memperluas program bantuan sosial sebagai langkah penanganan dampak virus corona.,"Malang, Jawa Timur"
6,"""Virus corona itu suka ngebunuh ... sulit dibunuh""‚ùó‚ùó",Malang
7,Kopian sudimoro memang üí• nggak kenal covid ckck,"East Java, Indonesia"
8,"ww3,bencana alam, covid, rasisme, annabelle lalu apa lagi üò≠ 2020 becanda nya g lucu ya üòø","Kota Malang, Jawa Timur"
9,"Oalaah, Barca v Munchen kmaren itu laga amal covid toh ternyata wkwkwk ~","Malang, Jawa Timur"
10,@nengbiker Covid bersuka ria,"Kota Malang, Jawa Timur"
11,Dukung perangai covid aja dulu#KAMItunggangiPandemi,MALANG EAST JAVA
12,"@AnggikPrasetyaa Oiya gaboleh, harus yg baik baik. Semoga covid hilang agar bisa nongki blakang umm","Malang, Jawa Timur"
13,@AnggikPrasetyaa Tiati kena covid,"Malang, Jawa Timur"
14,"""di tp lagi banyak diskon dek""
""Yuk cus sby, kangen nge mall berat""
""Covid""
""Oh oke..................""","Malang, Jawa Timur"
15,"@e100ss mohon info, sekarang kalo mau masuk surabaya apakah ada pemeriksaan khusus terkait covid? nuwun",Malang 
16,"Di stasiun Malang ada fasilitas buat rapid test covid ga ya? Ada yg tau?
Info dong","Malang, Jawa Timur"
17,Kek gini ya paceklik covid,Malang 
18,"haduuu kok onok ae. Annabelle escape barang ati2 kon tertular covid bel bel, ws bener nde musem pdhl https://t.co/x5ukkUFkzo","Malang, Jawa Timur"
19,@paluphy_retno @AstriPuji2 Lup lup lah buat cinta cintaku ini @AstriPuji2 @paluphy_retno . Aku tunggu di Malang kalo covid udah reda üòò,"Malang, Jawa Timur, Indonesia"
20,@ekalailaaa Ga tau ga tau pusing karna covid astagfirullah,"Malang, Jawa Timur"
21,"@bryan_prakoso Iya mas, hari ini tadi pagi. Iya mas covid. Beliau ada riwayat penyakit lain juga..","Malang, Jawa Timur, Indonesia"
22,"@indra_alvhin gabisa kesana aku di daerahku ada yang kena covid, jadi ikut isolasi diri dulu. 
ini fitria mau kesana juga. mau barengan ga?","Malang, Jawa Timur"
23,"@ligaaaraprillia ning pandean onok sing kenek covid e Gar, male isolasi diri pisan aku wedi nulari wong.","Malang, Jawa Timur"
24,@Sbrdong Sabar ini ujian covid 19 wkwk,"Kota Malang, Jawa Timur"
25,"@ngalamfess maaf ya, aku fokus ujian dulu. 
Lulus jalur covid ae ngomong ujian.","Malang, Jawa Timur"
26,Covid berdampak sekali pada tukang soto perbatasan gkb,Malang
27,memanfaatkan moment covid untuk mengumpulkan modal &amp; melatih fokus target harian.,"Malang, East Java"
28,"Apa bener maem telur aja udah bisa mencegah covid-19? Ayo baca penjelasan diatas, ayo lebih kritis lagi dalam menyikapi informasi.","Malang, Jawa Timur"
29,#HansolxDita #SBMPTN #SBMPTN2020 #kuotagratis #Covid_19 #,Malang
30,"Lagi-lagi ada yg positif. 
Kmrn¬≤ sok-sok an covid dah hilang, dan sekarang.
Tambeng amat diberitahu",Malang
31,Hbs liat grup grup di wa. Seketika sedi gitu liat project-an yg tertunda karena covid üò¢,"Malang, Jawa Timur"
32,"@Legionnairen @kebaltirani Gara gara aku salah juga kok, ga sepenuhnya karna covid","Kota Malang, Jawa Timur"
33,@saracreate Iya kak nanti kalo covid uda kelar ketemuan yuk kak üôà,"Malang, East Java, Indonesia"
34,sebentar lagi akan muncul klaster baru: covid klaster wisuda 102.,Malang
35,Presiden Joko Widodo menegaskan reformasi fundamental di sektor kesehatan harus dipercepat merespon pandemi Covid-19 yang terjadi saat ini.,"Malang, Jawa Timur"
36,Presiden Joko Widodo (Jokowi) mengatakan pandemi virus corona (Covid-19) membuat pemerintah melakukan reformasi di berbagai sektor.,"Malang, Jawa Timur"
37,"Neni mengatakan, persoalan kesehatan atas Covid-19 bukanlah suatu hal yang baru terjadi di masyarakat global.","Malang, Jawa Timur"
38,"""Pandemi Covid-19 bukanlah suatu konspirasi. Jadi, kita lihat kejadian pandemi epidemi itu terus berulang, sehingga kita harus siap.","Malang, Jawa Timur"
39,"Ahli Bantah Pandemi Covid-19 Sebagai Konspirasi

#IndonesiaMaju
#BangkitIndonesiaMaju
#PidatoPresiden2020 https://t.co/1eY4MCrlch","Malang, Jawa Timur"
40,Mekanisme Silence procedure merupakan mekanisme yang digunakan oleh PBB selama pandemi Covid-19.,"Malang, Jawa Timur"
41,Presiden Joko Widodo mengapresiasi kinerja Badan Pemeriksa Keuangan (BPK) di tengah pandemi Covid-19.,"Malang, Jawa Timur"
42,"Jokowi Apresiasi Kinerja BPK di Tengah Pandemi Covid-19

#IndonesiaMaju
#BangkitIndonesiaMaju
#PidatoPresiden2020 https://t.co/Tb5ZepfqXR","Malang, Jawa Timur"
43,"Sementara dalam menangani krisis ekonomi, pemerintah memberikan bantuan sosial (bansos) kepada masyarakat yang terdampak pandemi Covid-19.","Malang, Jawa Timur"
44,@HumasResma Ayo bersatu lawan Covid 19,"Malang, Jawa Timur"
45,Masih adakah yang anggap covid itu hanya rekayasa atau konpirasi aja? . Semoga vaksin segera ter realisasi https://t.co/kdo5wlkxzc,"Malang, Jawa Timur"
46,@trikartikass Tapi negativ covid aku tik ü§™,malang
47,Sebenar nya dengan momentum Covid ini pelayanan pelayanan bisa dibuat non tatap muka (online),Malang
48,"@Muh_Hilmiii Alhamdulilah sehat, gimana nanganin covid juga ga?","Malang, Jawa Timur"
49,Sampe kapan sih mikir kalau kena covid semacam kutukan . Kalau ada korban ya jgn di Bully dong :),"Malang, Jawa Timur"
50,Emang kalau ada yg kena covid 19 Kita jadi musahan terus gabisa berteman?,"Malang, Jawa Timur"
51,Masih aja ada manusia yg g percara covid. Aku udah ga berani kemana mana lho ini cuk!,"Malang, East Java, Indonesia"
52,Namun hingga kini RUU Omnibus Law Cipta Kerja masih saja tetap dimasukkan dalam Prolegnas Senayan dan bahkan ditengah Pandemi Covid-19.,Malang
53,27 orang positif covid-19 di kantor pengadilan agama surabaya üò≠ semoga mama gpp üò≠,"Malang, Jawa Timur"
54,"Cepat berakhir, covid. Ku butuh liburan :) https://t.co/u9szmLim86",
55,Bersama kita bisa perangi Covid-19!  #BUMNPerangiCovid,"Malang, Jawa Timur"
56,@nirmaaaaa Sakdurunge covid 25 opo 30 yo lali aku,"Malang, Jawa Timur"
57,@MhmdFakhri_ @ArditErwandha yeee garagara covid ini jadi moooondor semoa wkwkwkwk,Malang
58,"Brang pd blm dtg kendala covid shit mana pada komplen-,-","Malang , Jawa Timur"
59,"Polanya sama, seperti tahun lalu. Bedanya tahun ini ada covid, tahun lalu ada km :‚Äô)",Madiun - Malang
60,Patas malang - sby tarif covid 50.000 tapi kapasitas penumpang full hehehehe,"Malang, Jawa Timur"
61,@TirtoID Siap menunggu hasil penanganan covid-19 oleh bapak Luhut tersayang~,"Malang, Jawa Timur"
62,"Ya allah mari due majikan fanatik covid, sak iki due majikan fanatik konspirasi wkwk","Malang, Jawa Timur"
63,"Kalo sampe JRXSID udah dipenjara terus angka Covid-19 masih naek siapa yang harus bertanggung jawab???
#BebaskanJRXSID 
ü§ò","Malang, Jawa Timur"
64,"@masinispesawat iyo pak, ga balek sby a koen? al hikam wes akeh covid lho","Malang, Indonesia"
65,ben onok wong mati messti dikiro covid oalah buk bukü§£,"Malang, Jawa Timur"
66,Jokowi mengatakan pemerintah juga telah memberikan sejumlah bantuan kepada masyarakat di tengah pandemi Covid-19.,"Malang, Jawa Timur"
67,"Politikus PDIP: Pemprov DKI Terlihat Tidak Mampu Membuat Kebijakan Mengatasi Covid-19

#17agustussudahdekat https://t.co/569lUIE2RS","Malang, Jawa Timur"
68,Kementerian Perdagangan mengungkapkan adanya kabar baik di tengah pandemi Covid-19 yang telah memukul perekonomian global.,"Malang, Jawa Timur"
69,"dan tentunya terkat dengan Covid segera bisa diputus penyebarannya dan kita semua kembali kepada hal yang normal,"" tutup Gatot.","Malang, Jawa Timur"
70,"Tak kasih tau cara paling mudah menurunkan angka positif covid-19...

Gak usah tes tes an. Dijamin langsung nol.",Bojonegoro - Malang
71,@AGirindraW Apakah ini berhubungan dengan covid 19,Malang
72,Jujur gak setuju kalo pasien positif covid dirahasiakan di lingkungan kantor. üòü,Malang
73,@adwin0354 diem koas covid gak tau rssa,"Kota Malang, Jawa Timur"
74,3 Rekomendasi itu efektif mencegah penularan covid-19.,Malang
75,Wak lakok akeh seng kenek covid tonggo e arek2,"Malang, Indonesia"
76,"@dabudabu6969 @KompasTV Ga masup deh menurutku, dengan dia ditahan ato engga banyak yg masi bodo amat sm covid.","Kota Malang, Jawa Timur"
77,"""biayanya segini xxxxx, kalo gabisa bayar bisa saja gratis asal ttd di surat pernyataan bahwa pasien mninggal karna covid""","Malang, Jawa Timur"
78,covid hilang kita berantem yuk,"Malang, Jawa Timur"
79,"@detikcom Baca komennya emosi bawaannya hmmm,, skli kali aja ke rs "" tour"" biar tau gambaran efek covid gimana hmmm",Denpasar - Malang
80,"Bioskop covid dadakan, macam tahu bulett digoreng dadakan https://t.co/PqciZlleIn",Malang Indonesia
81,"@KadalArisan Vid covid,mole ws bengi le,kesok maneh","Kota Malang, Jawa Timur"
82,Gais aku mau ke koreaaaaa. Ada yg mau ikut? Beli tiketnya skrg berangkatnya nunggu covid kelar.,"Malang, Jawa Timur"
83,"halo broo @FirstMediaCares .anda tau JANCOK a? yo kon iku jancok. seminggu lemot, jaringamu kena covid-19 ta broo??? cok","Malang, indonesia"
84,@tempodotco 289 hasil tes swab semua? Klo cm rapid2an gk bs vonis covid dong...,"malang, east java"
85,"@cintatha3 Amin...
Terima kasih, mbak e
 üôèüôè, Bantu doa buat usaha kecil-kecilan peyek saya.. di tengah pandemi Covid 19.
Terima kasih...",Malang Jawa timur
86,"betapapun tidak masuk akalnya pendapat jerinx tentang Covid-19, ia tidak pantas dan tidak boleh dipenjara karena pendapat yang berbeda.","Malang, Jawa Timur"
87,"Berangkat ke New Zealand diundur2 krn covid ni, portal blm dibuka juga",Malang
88,tingkat depresi  mahasiswa ketika dituntut untuk menyelesaikan studi tepat waktu dan menghasilkan uang di tengah pandemi covid 19,malang
89,"@Coolkidzeke @detikcom @tirta_hudhi @detikhot Masih percaya covid..?
Anda lebih bodoh ketimbang jerinx..","Malang, Jawa Timur"
90,"@e100ss sama sekali gk setuju. kecuali ada kebijakan jaminan yg sekolah bebas Covid 19, dan itu didanai pemerintah ya monggo",Malang
91,Dampak positif covid: bisa bangun siang,Malang
92,Meskipun saya ga suka pendapatnya tentang covid.,"Kota Malang, Jawa Timur"
93,@baesnuna Dia orang yg slalu berdebat Covid-19 itu konspirasi dan ngajak masyarakat gk pake masker sampe ngadain demo di Bali gitu,"Malang, Jawa Timur"
94,Semoga indonesia lepas dr covid 19 amiennn https://t.co/H51an1cPif,Malang- Jawa timur
95,@MalangHumas sehat itu adalah untuk kita lawan covid-19 #PolriSerukanCuciTangan,"Kota Malang, Jawa Timur"
96,@MalangHumas cegah penularan covid-19 dengan... #PolriSerukanCuciTangan,"Kota Malang, Jawa Timur"
97,Sudah bosan dengan narativ covid yang membuat orang buntu üòÖ,Malang
98,@MalangHumas sehat itu adalah untuk kita lawan covid-19 #PolriSerukanCuciTangan,"Kota Malang, Jawa Timur"
99,@MalangHumas cegah penularan covid-19 dengan... #PolriSerukanCuciTangan,"Kota Malang, Jawa Timur"
100,"@MalangHumas #BaktiSosialPolwan
Tetap wajib menerapkan protokol kesehatan untuk meminimalkan penyebaran covid-19","Kota Malang, Jawa Timur"
101,"@MalangHumas #BaktiSosialPolwan
Tetap wajib menerapkan protokol kesehatan untuk meminimalkan penyebaran covid-19","Kota Malang, Jawa Timur"
102,"@MalangHumas #BaktiSosialPolwan
Tetap wajib menerapkan protokol kesehatan untuk meminimalkan penyebaran covid-19","Kota Malang, Jawa Timur"
103,"@MalangHumas #BaktiSosialPolwan
Tetap wajib menerapkan protokol kesehatan untuk meminimalkan penyebaran covid-19","Kota Malang, Jawa Timur"
104,"@MalangHumas #BaktiSosialPolwan
Tetap wajib menerapkan protokol kesehatan untuk meminimalkan penyebaran covid-19","Kota Malang, Jawa Timur"
105,"@MalangHumas #BaktiSosialPolwan
Tetap wajib menerapkan protokol kesehatan untuk meminimalkan penyebaran covid-19","Malang, Jawa Timur"
106,"@ngalamfess mungkin anda berpikir terlalu negatif, bisa saja ybs ingin mengajak anda untuk menguak konspirasi covid 19 üôè","Malang, Jawa Timur"
107,"Maringene onok kota sing bakal akeh positif covid e, gara2 akeh wong goblok metu ramean ü§≠","Malang, Jawa Timur"
108,"@MalangHumas #BaktiSosialPolwan
Tetap wajib menerapkan protokol kesehatan untuk meminimalkan penyebaran covid-19","Kota Malang, Jawa Timur"
109,"@MalangHumas #BaktiSosialPolwan
Tetap wajib menerapkan protokol kesehatan untuk meminimalkan penyebaran covid-19","Kota Malang, Jawa Timur"
110,"@MalangHumas #BaktiSosialPolwan
Tetap wajib menerapkan protokol kesehatan untuk meminimalkan penyebaran covid-19","Kota Malang, Jawa Timur"
111,"@MalangHumas #BaktiSosialPolwan
Tetap wajib menerapkan protokol kesehatan untuk meminimalkan penyebaran covid-19","Kota Malang, Jawa Timur"
112,"@MalangHumas #BaktiSosialPolwan
Tetap wajib menerapkan protokol kesehatan untuk meminimalkan penyebaran covid-19","Kota Malang, Jawa Timur"
113,"@MalangHumas #BaktiSosialPolwan
Tetap wajib menerapkan protokol kesehatan untuk meminimalkan penyebaran covid-19","Kota Malang, Jawa Timur"
114,"Covid has for the first time, really hit way too close from home","Malang, Jawa Timur"
115,"dan semalem ada keluarga pasien yang nungguin ambulan covid sambil ngopi deket rumah, sangking kosonge ambulan dan kudu nunggu lama.","Malang, Jawa Timur"
116,"aku tadi mau ke perpus rs, pas udah di depan tempatnya baru inget itu rs jadi rujukan utama covid huhu langsung balik lagi:)","Kota Malang, Jawa Timur"
117,"gara-gara covid jadi banyak join seminar online, tapi habis join komputernya aku tinggal balik lagi pas absen üò≠üôè",Malang
118,@jawafess Gak menisan nglencer bareng pasien confirm covid-19 ae pak bu :'),"Malang, Jawa Timur"
119,"@bicheesse Wingenane, gawe protokol covid. Makane gaono sg ngerti.","Malang, Jawa Timur"
120,@MalangHumas cegah penularan covid-19 dengan... #PolriSerukanCuciTangan,"Malang, Jawa Timur"
121,@MalangHumas cegah penularan covid-19 dengan... #PolriSerukanCuciTangan,"Malang, Jawa Timur"
122,hbs maen keluar trs tenggorokan sakit &amp; mata panas dikit lgsg tkut bgt kirain covid. gatau aja klo kebanyakan es &amp; maen hp,"Malang, Jawa Timur"
123,kenapa setiap gua abis jalan tb tb covid naik lagi üòÖ,"Kota Malang, Jawa Timur"
124,"Ngomong"" penjualan mobil Esemka di masa covid gini meroket apa anjlok ya, bagi info Donk yg tahu.@msaid_didu","Malang, Jawa Timur"
125,@jawafess Satgas covid mek gae formalitas tok,"Malang, Jawa Timur"
126,@blogdokter Padahal saya berharap dokter mengurangi bicara covid karena emang udah ga ada. Bukan karena lelah.. Huhu,MALANG
127,From Covid-19 isolation room for swab test day 2 https://t.co/z4qwh2wb4I,Malang
128,"Saya kecewa dengan Media yang membuat Artikel dan meliput berita INews,Tribunnews,Kompas Tv. Sekali lagi Ayah saya BUKAN JENAZAH COVID-19!","Malang, Jawa Timur"
129,"Apakah berjemur dapat membunuh COVID 19. Apakh betul ges kuuu, kuy pelajari lebih dalam dengan baca post di atass!!!","Malang, Jawa Timur"
130,"[ 31 hari tantangan #SiapAdaptasi]

[Hoax Buster : Berjemur saja dapat menyembuhkan COVID 19??] https://t.co/V8FbQFmpIk","Malang, Jawa Timur"
131,2020 (Covid-19) -&gt; Balapan Rabi. Nggak ngeluarin duit banyak. Aku ? Selaw aja dulu wkkw,Ponorogo-Malang
132,@jawafess ((ngelencer bareng)) ((((SATGAS COVID-19)))) https://t.co/ToHVJ5mufP,"Malang, Jawa Timur"
133,@ngalamfess Iki ngono satgas covid e rw rw,"Malang, Jawa Timur"
134,@hrdbacot Aku tiap pasien covid makin banyak: https://t.co/M8x8f0m0Nj,"Malang, East Java, Indonesia"
135,Kok tetep merasa emosi ya kalau baca-baca di media atau speak nya orang2 sok tau tentang covid,"Malang, Jawa Timur"
136,Pandemi covid kayak gini lebih khawatir ke kondisi keluarga ketimbang diri sendiri. Tapi tetep mesti jaga diri semuanya.,"Malang, Jawa Timur"
137,"@gudbyegudgirl Selamat sarjana covid yaa ü§£
Gimana ngerasain ndredeknya nggak kak","Malang, Jawa Timur"
138,@BagasWdykt Ntar kl musim covid udh ilang ya üòÅ,"Malang, Jawa Timur"
139,@PemkotMalang @sutiaji1964 @KominfoMalang Covid menangis lihat acara dibalkot kemarin üòÜ https://t.co/Jg1T3omBWb,MALANG
140,Ndk malang spanduk e covid kalah ambk atribut e arema.  Hehe,malang
141,"Plis dong ojo malah di ritwit, ngko moro"" sarjana covid ku makin terhambat.",Pasuruan - Malang
142,"Terlepas dari konspirasi atau bukan, kita harus selalu jaga protokol kebersihan. Virus gak cuma covid, jangan pilih kasih dab.","Malang, East Java"
143,Namun ada sejumlah halangan sehingga jenazah pasien Covid-19 tak secara menyeluruh bisa dipenuhi hak-haknya.,"Malang, Jawa Timur"
144,Dalam ajaran Islam wajib hukumnya mereka yang hidup memenuhi hak dari seorang jenazah. Hal ini tak terkecuali bagi jenazah pasien Covid-19.,"Malang, Jawa Timur"
145,"((Jalan Tengah Pemulasaran Jenazah Pasien Covid-19))

#ProduksiVaksinCorona https://t.co/9kAcKgFh5n","Malang, Jawa Timur"
146,@BPJSTKinfo min mau tanya klo yg BLT dampak covid apa juga tersedia untuk BPU yang berpenghasilan dibawah 5 juta?,"Malang, East Java, Indonesia"
147,@pakethematku Masih ngeri covid nya.. ü§ß nunggu smpe ada vaksin aja deh huhu,Earth
148,covid iki ono tenan po ra se jane....ü§®,"Malang, Jawa Timur"
149,"Dari sini, kami bersama-sama untuk membangun solidaritas menghadapi Covid-19 ini,"" katanya.","Malang, Jawa Timur"
150,"PNS di Banyuwangi Terus Gotong-royong Salurkan Bantuan Sosial Covid-19

#KAMIProvokatorSaatPandemi https://t.co/mRN334aiAJ","Malang, Jawa Timur"
151,Pemerintah terus menggulirkan berbagai stimulus untuk menangani imbas pandemi covid-19 di berbagai sektor.,"Malang, Jawa Timur"
152,"@revidya_da Huhuhu soale di kelurahan ku rodo rawan, akeh sing covid, malah ono sing meninggal positif ü•∫ akhir e d mbas no handscoon ..",Malang
153,"Dia mengaku, sebelumnya dalam dua kali tes rapid dirinya dinyatakan non-reaktif Covid-19.","Malang, Jawa Timur"
154,"{{55 Anggota DPRD Kabupaten Bogor Jalani Tes Swab Covid-19}}

#kentalmanisbukansusu https://t.co/tbQP3JAxkm","Malang, Jawa Timur"
155,@lopusevin Arek e iku dadi relawan covid nd jakrta,"Malang, Jawa Timur"
156,"@Rarakusuma12 Realitane ~
"" km ga covid seh , medeni ""","Malang, Jawa Timur"
157,"coba kita lihat seberapa melonjaknya kurva covid di malang, hmm ndang ngaleh tekan kene ah, ayahab ilakes...","Malang, Jawa Timur"
158,@kegblgnunfaedh Apa cuma gw yg salfok ama wakil walkot solo yg kena covid gegara si itu ? :v,"Malang, Jawa Timur"
159,@PemkotMalang Maaf kmrn malam konvoi dan ngumpul di stadion bgm mau bebas covid yah...,Malang
160,"@RezRama Semoga covid juga memaklumi ya mas, jd ga sampe ada yg positif setelah berkumpul.","Kota Malang, Jawa Timur"
161,"Bayangin pas pandemi covid datang, dan gadget di Indonesia masih di era Evercross.","Malang, Jawa Timur"
162,Pantesan angka covid di Malang naik tajam üò≠ https://t.co/t2qwT3HrPk,Malang
163,@dittakirana @mariaIeera Kan ada COVID-19. ‚òπÔ∏è‚òπÔ∏è‚òπÔ∏è,"Malang, Jawa Timur"
164,@OngisnadeNet Sing pesta arema opo covid lek ngene üòÖ,Malang
165,@OngisnadeNet Tahun ini arema gak mbois. Gak iso bekerjasama melawan covid.,"Kota Malang, Jawa Timur"
166,@mohmahfudmd Jadi tenaga medis yang tidak gugur menangani Covid-19 diabaikan?,"Kota Malang, Jawa Timur"
167,Covid ngene sek kober konvoi a,"Batu, Malang"
168,Aku sumpek di rumah dengering teori konspirasi yang dipercaya orang tuaku sampe pingin kena covid beneran biar mereka percaya.,"Malang, Jawa Timur, Indonesia"
169,Nunggu info terpapar covid besok üò©,Malang
170,@radenmasdimas__ Kenek Covid-87 arema iku lur,"Kota Malang, Jawa Timur"
171,@andyylaww @squidwardfess berkah covid?,"Malang, Jawa Timur"
172,"pagi anteng dirumah, sore nongkrong ampe malem, balik tidur. gitu aja trs ampe baikan ama covid.","Malang, Jawa Timur"
173,"Covid is real
Covid is fucking real
Please take care yourself and your family",Sidoarjo-Malang
174,"Apakah Merokok dapat menyembuhkan COVID 19. Malah bahaya ges kuuu, kuy pelajari lebih dalam dengan baca post di atass!!!","Malang, Jawa Timur"
175,"[ 31 hari tantangan #SiapAdaptasi]

[Hoax Buster : Apakah Merokok dapat mencegah COVID 19??] https://t.co/WtnqfHEOcX","Malang, Jawa Timur"
176,sujud syukur bgt kalo vaksin covid-19 ditemuin secepat mungkinüò≠,"Malang, Jawa Timur"
177,"Rasane pingin tak amuki kabeh rumah sakit,  wkwkkw fokus covid kabeh yg lain juga udah sambatan. Maklum seng sakit bapak dewe jd emosi.",Malang
178,"@arnoldfelixx Ya beberapa pernah dengar langsung lix, apalagi sekarang kena covid semakin kerasa","Purwokerto Selatan, Indonesia"
179,"kapan covid iki mari ,pingin cepet kuliah koyok biasa e","Malang, Jawa Timur"
180,Kenapa berita tentang COVID-19 makin ke sini makin bikin cemas ya? üò∞,"Malang, Indonesia"
181,"tiap ngumpul sama temen2, mereka selalu nanya kabar covid-19 ke aku aja. emang dikira aku nih satgas covid-19 wkwkw","Malang, Jawa Timur"
182,Napa gak dari dulu aja ya jualan. Sebelum ada resesi gegara covid ü§£,Praya
183,RUU ini dinilai penting untuk membantu investasi asing masuk di tengah pandemi Covid-19.,"Malang, Jawa Timur"
184,"Jadi masker kain yang dapat melindungi dari covid-19 adalah terdiri dari 3 lapis yaitu:
1. Inner layer
2. Middle layer
3. Outer layer","Kota Malang, Jawa Timur"
185,"Pemerintah berharap subsidi ini dapat menjaga daya beli dan kesejahteraan pekerja yang terdampak Covid-19,"" katanya.","Malang, Jawa Timur"
186,Subsidi langsung ini diyakini dapat membantu pekerja yang terdampak pandemi Covid-19.,"Malang, Jawa Timur"
187,"Selamat Hari Veteran Nasional

Sebelum Covid-19, Ini Sejarah Pandemi yang Pernah Melanda Indonesia https://t.co/NpwYUQhI7d","Malang, Jawa Timur"
188,"Salah satunya, tekanan psikologis yang dirasakan masyarakat karena takut terinfeksi covid-19, dikarenakan belum ada obat atau vaksin.","Malang, Jawa Timur"
189,"Bukannya makin jauh, covid malah makin deket, temen kantor sudah ada yang positif.
Paranoid strikes back.. üò∑",Malang
190,"Karena Pandemi Covid-19, ku jadi punya waktu nonton BTS. Ya Rabb, mosok aku otw jadi army? üò≠ #beraniberubah @liputan6dotcom @merdekadotcom",Malang - jawa timur
191,"Apa iya apapun penyakitnya, ketika pasien meninggal dan jenazah keluar dari rumah sakit keterangannya Positif COVID-19 ?","Malang, Jawa Timur"
192,@detikcom @detikHealth Dulu aku pernah sebelum covid cegukan berhari2.,Banyuwangi - Malang 
193,kemenkes kini sudah mengungkap bahwa jumlah kesembuhan pasien Covid-19 di Jatim sudah mencapai angka 16.732 orang. (Khofifah Gubernur Jatim), Malang
194,"@SerieA_Lawas yaallah kejadian nyata, semenjak milan juara liga covid, fansnya jadi congkak2 was &amp; angkuhüòÇüòÇüòÇ","Malang, Jawa Timur"
195,@raksahcrigis ya memang kita harus banget berdampingan dengan covid ini:(,"Malang, Jawa Timur"
196,@erdytaa Kok tambah banyak bumil ya?sabtu ada sc yg covid juga kan infonya,"Malang, Indonesia"
197,"@tryadiadha Ndak macat. Biasa aja semenjak ada covid, menurutku","Kota Malang, Jawa Timur"
198,@ngalamfess hah mayat covid 19 dicium... freak bgt sih org2,"Malang, Jawa Timur"
199,knapa korban covid 19 smakin meningkat sedangkan rasamu padaku stuck disitu saja,"Malang, Jawa Timur"
200,"@xoxoheeee Gasido wes , covid üôÑ",Malang - Indonesia
201,@sugiijr semoga di kota COVID lekas menurun,"Malang, Jawa Timur"
202,@mlsk3424 Covid. Sisturr..,"Malang, East Java"
203,@mojokdotco Didalam vaksin covid nanti memang akan disertakan chip Qualcomm Snapdragon 865+. Main PUBG jadi auto barbar ü§£,"Kota Malang, Jawa Timur"
204,"ribet bgt pada minta sekolah tatap muka tp kalo banyak yg covid protes juga?? yg aneh bukan cuma pemerintahnya sih, warganya sama aja.",louis‚ùÄ
205,"@fabreza_mirzaf I mean, ya aq setuju covid itu ada.
Aq jg setuju kalau covid itu dibesar2kan.

Semacam itu lah. Panjang ceritanya.",Malang
206,"@fabreza_mirzaf Covid itu memang ada, dan konspirasi covid juga ada. Yang ku tau, hal ini terjadi di malang.",Malang
207,"Jenguk mantan abis covid, ngambek mulu 
#NationalGirlfriendDay #AkuYangSalah https://t.co/XetRLNVLoV","Kota Malang, Jawa Timur"
208,Apakah covid-19 #UniversitasPinterNgapusi #COVID19 #jodohditanganantono https://t.co/EWXvqq9Q2u,"Malang, Jawa Timur"
209,@onnes83 @infomalang @yusufgunawan mungkin bisa menghubungi call centre  covid 19 kota malang via wa +628113664119,Indonesia
210,"Kuy rek disini ada yang ngajukan kip terdampak covid gak? Lah itu gmn kalo liat pengumuman lolos gak nya 
Terimakasih",Malang - Jawa Timur
211,"@collegemenfess Mata kuliah baru disemester ini, pengganti 2 mata kuliah praktek grgr covid üôÉ",Malang
212,@AhyasBudi Sepi gaonok mahasiswa ancen fak covid,"Malang, Indonesia."
213,"@lestarifitriaD Tolong cek ke puskesmas terdekat mbak, apakah ada indikasi"" terjangkit virus covid 19 ?","Malang, Jawa Timur"
214,@CNNIndonesia Sebelum covid pun ekonomi udah ancur ?? Emang skrg gak ancur ??,"Kota Malang, Jawa Timur"
215,"@tewe_ilakes @Senaputra_FM Di saat pasien Covid-19 terus meningkat, pokok intine tetap waspada &amp; ngeman awak e dewe.","Batu, Indonesia"
216,Ribete Ibar Jamane #COVID__19 https://t.co/1H1kL8fXkv,"Malang, Jawa Timur"
217,"[ 31 hari tantangan #SiapAdaptasi]

[Hoax Buster : Minyak Kayu Putih dapat Mengobati Covid-19?] https://t.co/IuUMIKqDVw","Malang, Jawa Timur"
218,@skipper_uwu Keanya semua mcd jam segini udh tutup deh selama covid ini :((,"Malang, Jawa Timur"
219,@mu_afi Semoga covid segera selesai fi.. Amin..,Malang
220,"@mukhalfian Sakit uyy, takut klo kena covid","Malang, Jawa Timur"
221,@PurpleDiminie mungkin karena covid gitu mungkin jadi resepsi baru sekarang,"Malang, Jawa Timur"
222,@AAranandita Lho disana ada aliran anti covid juga ra?,"Malang, Indonesia"
223,Missing my days before covid before iship...,
224,"@insideurbody @afrkml Aku di reply covid, tolong jangan dekati aku ü§≠",Malang
225,Ini bolehlah kreatif dimusim Covid-19 namanya https://t.co/5aCIHQWSB2,"Malang, Jawa Timur"
226,"@rizkysy_ Iyaaa sih karena luasnya juga jauh beda. Tapi ya minimal sosialisasi covid-19 ini dimaksimalkan gitu,",BDG - MLG - Mars 
227,Upaya pencegahan penyebaran Covid-19 terus digencarkan oleh Gubernur Jawa Timur Khofifah Indar Parawansa &gt;&gt; Khofifah Gubernur Jawa Timur,"Malang, Indonesia"
228,"@pyrrhotite_ Embuh gajelas ilo, ndisek pekoro corona male dipageri","Malang, Jawa Timur"
229,Corona kapan ilang nya ya,malang
230,Maleh iling tau angen2 ngajak Alif jalan2 nang Jogja pas umur e 2 tahunan tapi gagal gara2 corona.,"Malang, Jawa Timur"
231,@encik13 corona huhuhu. iso dikarantina aku,"Malang, Indonesia"
232,@jeffren_aditya Mager takut corona,"Kota Malang, Jawa Timur"
233,@alodiajanuarita Tahun depan teh kalau corona lenyap,"Malang, Jawa Timur"
234,@Sardelll Mumpumg corona pisan sar bulan e rabi pisaanüòÇ,"Malang, East Java"
235,"@synsyntiaa Ya allah maaf aku doa jelek, tapi semoga dia kena corona üôèüèª","Kota Malang, Jawa Timur"
236,@dimas_w_pratama Ngga grgr ansos mas tp grgr coronaüò≠,Malang
237,@amella_lalaa Oohh yow sabaar aja. Cm musim corona  kan banyak kebijakan biasanya,"Malang, Jawa Timur"
238,"pengen diblock, tp masih ada tanggungan. kapan seehhhhh corona iki mariiii üò≠","Kota Malang, Jawa Timur"
239,Weswes rekk aku tak metu lek aku ncen onok keperluan ae plis. Aku sek wedi corona pol:(,"Malang, East Java"
240,@rainbreezee Sedih bgt grgr corona jd gapernah promo üò≠,"Malang, Jawa Timur"
241,"@AliefMahardhika Corona e dijak mangan gorengan sisan, ben gak nakal.","Malang, Jawa Timur"
242,@catalogw aku masih gatau karena corona :),"Malang, Jawa Timur"
243,"@SAgstd Sama euy mana gaada temen + masih corona giniüò≠bakal gadapet izinüò≠
#ExaARMY #ExaBFF @BTS_twt","Kota Malang, Jawa Timur"
244,Vaksin corona cepet diedarin dong. Mau nongton konser BTS ni hyung,"Malang, Jawa Timur"
245,"A : Corona hilang bulan Agustus
B : TAHU DARIMANA ?
A : Dari Sumedang xixixi",Malang
246,Corona‚Ä¶ https://t.co/JhjvbsBxGq,"Malang, Jawa Timur"
247,@erikafebryy_ Suhu panas corona?,Gresik-Malang
248,Corona kapan selesai si anjing,"Malang, Jawa Timur"
249,@acintyasakti Pengaruh corona Sam .. ambek mafia paling .. üòäüòÇüòÇüòÇ‚úå,"Kota Malang, Jawa Timur"
250,@indra_alvhin kalo gada corona boleh lah ya wkwkwkw,"Malang, Jawa Timur"
251,@ssongyhyng @YG_iKONIC @bobbyranika Masih gabole ada corona:(,"Malang, Jawa Timur"
252,Corona kamu gaada niatan buat udahan ya? Bosen nihh pengen piknik ke luar kota üò´,"Malang, Jawa Timur"
253,isuk2 wis corona,"malang, indonesia"
254,"@cwoconut aku udah siapin swasta dari awal,dari sebelum corona dah keterima:)","Malang, Jawa Timur"
255,"Tiap ke pasar tradisional selalu ngeri2 sedap.. Orang2 di pasar udah kayak ""apa itu corona?""","Malang , Indonesia"
256,"Dijual tiket goa untuk fans barca diskon corona 30% fasilitas lengkap free wifi, air, listrik, bebas jam malam.","Malang, Jawa Timur"
257,@oalahasa Sekalian nyari corona gt ya?,"Malang, Jawa Timur"
258,"pgn corona cpt kelar, kakiku dah sakit banget","Malang, Jawa Timur"
259,"Corona ilang, semoga punya rejeki aku pengen traveling ke Jogja, Semarang (pengen nyoba sendiri) tapi takut hehehe","Malang, Jawa Timur"
260,"@kowwalaaa gabole lip, lagi corona","Malang, Indonesia"
261,"Akibat CORONA,
Banyak temu yang tertunda https://t.co/AokchJSCDb",Kota malang
262,"@adeknyauco haahhaa seandainya ya lung, bisa disihir sekalian nih corona, beress","Malang, Jawa Timur"
263,Corona wanita ingin dimengerti,Malang
264,Bener2 pengen marah ke corona.,"Malang, Jawa Timur"
265,Akhir2 ini temen banyak yang nikahan yak. Apa karena promo corona jadi pada nikah?,"Malang, Jawa Timur"
266,@WidyaNawang @laura_aurellya Usum wayah corona ngene,"Malang, Jawa Timur"
267,dpr dan pemerintah bener2 bahas ruu kontroversial di masa kayak gini. mana mau demo jg takut ketularan corona.,"Malang, Jawa Timur"
268,"baru nyadar liat calender minggu depan tgl merah bs double gt ditambah cuti bersama,coba ga corona uda cabut ke bandung atau ga jogjaüò≠",Malang
269,"Ini pada CORONA Ko makin menjadi2 ya orang nikahan.

Kebelet ah ah ape gmne sih","Malang, Jawa Timur"
270,@younaprill #TolakDemoDitengahPandemi jangan biarkan corona tertawa melihat kita,Malang 
271,Kalo corona gini jadi maba kayaknya kurang seru gabisa mengenal kampus di awal perkuliahan,Malang
272,@menjadijoseph Corona niiiuu om,"Kota Malang, Jawa Timur"
273,Corona kapan perginya? ‚òπÔ∏è,Sawojajar - Malang 
274,"@dansitejo emg corona, jaga jarak","Malang, Jawa Timur"
275,Presiden Joko Widodo (Jokowi) mengatakan pandemi virus corona (Covid-19) membuat pemerintah melakukan reformasi di berbagai sektor.,"Malang, Jawa Timur"
276,"Lalu, pada tahun 2012 kembali terjadi epidemi dari virus corona jenis baru yakni MERS-CoV.","Malang, Jawa Timur"
277,"Seperti, pandemi SARS pada tahun 2003 lalu yang diakibatkan oleh munculnya virus corona SARS-CoV.","Malang, Jawa Timur"
278,Corona bikin irit mekap üëçüèº,Malang
279,"@beriman___ Siapa bilang, guruku mtk sekarang kena corona","Kota Malang, Jawa Timur"
280,@hheralterego Tapi emang sejak corona gini mau beli makanan dr luar negeri suka mikir-mikir aku bil,"Malang, Jawa Timur"
281,Corona selametan ndek kene wkwkwkwkw https://t.co/qxqy4dHcQY,"Malang, Jawa Timur"
282,@asteroidhyun_e gada euy yg suka ngadain orgnya kena corona,Malang
283,Nuiat cik koncoku glow up semasa corona https://t.co/R4BsHyeQLE,"Malang, Jawa Timur"
284,semenjak corona malah iso sering kumpul kro konco lawas,"Malang, Jawa Timur"
285,"@masitadevii Tar kalo corona nya udah ilang. Kita meetup yaa tanteeee ü§≠ kata mamaku, tante tuhh orangnya lucu bed üòò",lüáµüá∞üáÆüá©
286,@AREAJULID pls prgi corona idiot,"Malang, Jawa Timur"
287,@Marlintong2 kita gelud tuh corona,"malang, jawa timur"
288,"@defrdl Ya masak anda mau ikut corona, ya jelas ikut yg menikah2 dong haha",Malang
289,@habibthink Kabar kalung anti corona gimana @habibthink ? Gak boleh berat sebelah loh.,Malang
290,"@rayvieralaxmana Like dulu
Ntar hbs corona br plesiran,,,,,","√úT: -7.94399,112.624655"
291,"Gara gara bedebah corona rutinitas berubah total, kangen stay di ruangan sendiri berduaan sama pc kesayangan ü•∫ https://t.co/xQeDKl9goM",malang
292,"Ayo semangat teman-teman ku generasi corona

DASAR BEBAN KELUARGA","Kota Malang, Jawa Timur"
293,@irmayang__ Sebelum corona aku dah beberapa kali ditolak. Karna doi ndak mau salaman sama lawan jenis :'),"Malang, Jawa Timur"
294,@nlyts_ corona corona,"Kota Malang, Jawa Timur"
295,@AnggikPrasetyaa corona paling,MALANG
296,"Cari kesibukan biar pikiran gak kemana mana mikirin corona , selain kekantor aku gak kemana mana dirumah saja https://t.co/8JHf7wtHZh",Malang
297,"Sebab, kontribusi masyarakat untuk menjaga kesehatan sangat diperlukan untuk memberantas virus corona di Indonesia.","Malang, Jawa Timur"
298,"Erick Thohir Harap Imunisasi Massal Vaksin Corona Bisa Dilakukan Awal 2021

#17agustussudahdekat https://t.co/KpHxgSROW8","Malang, Jawa Timur"
299,Corona kapan kelar ini teman sy udh jadi begini kelamaan di rumah https://t.co/wrosIaerGZ,"Kota Malang, Jawa Timur"
300,@hualloooo Corona ndos,"Malang,Jawa Timur,Indonesia"
301,@sugagIidder Omset e kurang fren corona,"Malang, Jawa Timur"
302,"Tapi kalau buka sekolah malah bisa nambah cluster penyebaran corona, tambah berbahaya lagi. 
Bingung kan jadinya?","Malang, Jawa Timur"
303,@gilby_rumy @infomalang @sutiaji1964 @PemkotMalang Mending duit bayar kuota opo duit bayar rumah sakit kenek corona lek menurute samean sam?,malang
304,"@arinputrii_ nonton kkn, tp corona said ""mana sempat keburu telat""",Malang
305,"@ifaaaaaaaaaaaa_ Corona di becandain 
Corona be like : https://t.co/sYq0y9JcSj",Malang
306,@berlianidris @PBIDI Apakabar kalung corona jamu corona,"Malang, Jawa Timur"
307,"@collegemenfess gara gara corona ak berhenti ngekos, padahal kosan itu pw banget hiks","Malang, Jawa Timur"
308,@kookiebeear corona sukanya main belakang haha,"Malang, Jawa Timur"
309,"@febriansyah116 Rabi musim corona gak enak fep, kabanyakan syarat nag kua üòÖ",Yogyakarta - Malang
310,"@AULINAnurul_ @nisavocados Visa nya jalur corona ntar wkwkwk.. 
Iya kangen suasana latihan bareng sopran"" Kuhhh",Bangkalan
311,@nayyyyy___ @tegalfess @KuntoAjiW @kayisaudia19 Corona laa,"Malang, Jawa Timur"
312,Pengen banget jalan2. Ke transmart aja deh gpp. Tp takut. Takut corona &amp; takut judge dr orang2. I just want to distract my mind :(,"Malang, Indonesia"
313,@ChandraSbstian Astagfirullah corona jgn keluar mulu cannn,"Malang, Jawa Timur"
314,"Negatif Corona, Positif tambah ireng https://t.co/EtiqKmdics","Malang, Jawa Timur"
315,"@kidkiddo__ @rainbowmenfess Efek corona kalau itu makanya sepi, coba gak corona pasti rame","Malang, Jawa Timur"
316,Jomblo gabut pas corona dan liburan panjang be like üòÇ https://t.co/b7MB26nXmY,"Malang, Jawa Timur"
317,"@MalangHumas Rajin Cuci Tangan
Cegah Penyebaran Corona #PolriSerukanCuciTangan","Kota Malang, Jawa Timur"
318,@cahyaanggriawan Jaman corona makin parah tapi tak ada penanganan serius jadinya gak kelar-kelar,"Malang, Jawa Timur"
319,"Mau di puji ampe corona ilang,ngga bakal terbang,kecuali yg muji buaya lokal,ngga sampe 5 menit dah terbang gatau kemana","Malang, Jawa Timur"
320,@mlgcollegefess Mau saranin ke dokter tp lagi musimnya corona üôÑ,"Malang, Jawa Timur"
321,@MiftahQ_11 Angkatan corona,Sidoarjo - Malang
322,"Lawak bgt ipk semester ini, tp alhamdulillah berkat corona juga:))))","Malang, Jawa Timur"
323,@dewiynanda @AdmaJoe Lek corona wis mari ae kaet dadi wong tuo lek ngono??,Malang
324,@buwuungpuyooh Corona,"Malang, Jawa Timur"
325,@axviarani2 @amikha22 @anisasativa KICK e sek dipending gara¬≤ corona.. wkakaka,"Malang, East Java"
326,"Gemes ama bbrp cowok yg nanya:
Ngga maen ke sby?
YA ENGGALAH GOBLOK MASI ADA CORONA üòê","Malang, Jawa Timur"
327,Laporan publikasi laporan publikasi kegiatan skripsi kuliah corona kamprt waw apasi aku gajelas bgt innalillahi.,"Malang, Jawa Timur"
328,@kedungkandang01 Coba deh tengok fb komunitas asli malang..ngeri tuh ada yg di buli gara2 bilang hati2 penyebaran corona...,"Malang, Jawa Timur"
329,@wildanslur Diskusi kenapa corona ga selesai2,"Malang, Jawa Timur"
330,@faris_ohe efek corona lupe hari ü§≠,"Malang, Jawa Timur"
331,@ismirh_ @Dinasssty Ada yg bilang di alam corona gaada soalnya medannya sulit diakses,"Malang, Jawa Timur"
332,@DamnItBilla Iyaa dong kan lulusan corona,Malang
333,"@si_gembira Tenan, kyk corona i tak tertahankan ngono",Malang
334,@aprilmasitaa Corona boss,"Kota Malang, Jawa Timur"
335,"Ugh! Le new corona vaccine this time to entrance aspirants:
   KYU? SUWAAGAT NAHI KAROGE HAMARA :)",Malang
336,@hilmymbrk Ga mari mari urusan toefl. Kok ga ono wisuda jalur corona yo :( padahal ono skripsi jalur corona lo proses e ga seangel awak dewe,"Malang, Jawa Timur"
337,"Doaku hari ini, 
Semoga Corona bisa cepet ilang dan aku bisa ngedaki gunung lagi.

Amin...","Kota Malang, Jawa Timur"
338,"@sherrrinn Udah mahal sebagian pekerjaan banyak yang mati, jadi gasalah orang orang yang bodo amat sama Corona ini","Malang, Jawa Timur"
339,Salah satunya karena dikhawatirkan jenazah tersebut masih dapat menularkan virus Corona.,"Malang, Jawa Timur"
340,@aalgeraldine Iyohe :( kpn ilang corona iki,"Malang, Jawa Timur"
341,@kumparan Orang kayak gini cocok disuntik corona,Malang
342,Corona takut sama aremania,"Malang, East Java"
343,@julioswasono_ Lek aku alasane nuturui ngono perkoro sek dualisme gak mari2. Guduk perkoro corona,"Malang, Jawa Timur"
344,"Selamat bertambah tua ongis nade e malang
Corona melok edan nyawang iki https://t.co/Io4c8115lw","Malang, Jawa Timur"
345,"@JoJoga_Oil Nemuin penguin, dan yang pasti bebas corona üêß","Malang, Jawa Timur"
346,"x : btw aku udah sakit 3 hari ini :(
me : onejrskssgksjskaajhsjskksshsksjsjksjs pen jenguk lagi corona hadeh",
347,"Beberapa hari yang lalu aing upload foto ini, foto ala ala lulus sidang skripsi tapi buat angkatan corona https://t.co/ERHVpVqT2g",Malang
348,Aku wani totoan 14 hari kedepan seng mang teko nang balkot lak gaonok seng kenek corona,"Malang, Jawa Timur"
349,@iiccooll Setelah party besok pasti ada berita boong ‚Äúaremania positif corona setelah mengikuti pesta ultah yang ke 33‚Äù üòè,"Malang, Jawa Timur"
350,"ngakak yang nyesek apa coba??

Liat foto¬≤ aib temen pas sekolah,tapi sadar kalo udah lulus aja jalur corona.alias kangen rekk aku sumpah!!!","Malang, Jawa Timur"
351,@ngalamfess Corona ga koyok d berita,Malang
352,@lidyalps Hilang ditelan corona,"Kota Malang, East Java"
353,"@perantaudikota Ojo lali ndang disiram... 
Ambune menyebar cepet koyo corona... 
Hahaha...",Malang east java indonesia
354,keinget pas awal2 corona di malang wkkwk,"Kota Malang, Jawa Timur"
355,@perantaudikota @raeni567 Adoh men ragunan nang ujung kulon... Karena sek ono corona di vc ae nko...,Malang east java indonesia
356,Pengen nyobain taichan bengawan tapi adanya di surabaya. Deket sih tapi berasa jauh gara2 corona ü§ï,Malang Indonesia
357,Semoga yang konvoi malam ini tetap jaga jarak dan patuh protokol kesehatan ya... Gak lucu kalau ada kluster corona baru gara-gara konvoi,"Malang, Indonesia"
358,@mojito0s mukbang e corona a,Malang
359,"Woilah lagi ambyar¬≤nya, malah dibikin emosi sama fans 4r3m4. Udah tau masih musim Corona, tetep aja konvoi. Duh!",Kota Malang
360,"Mari konvoi terus ono seng corona wong 5 ae, buyar iku sak rombongan tenan a","Malang, Indonesia"
361,@Wariman_ corona said : wah farming nih,"Malang, Jawa Timur"
362,"@pieceofjunkk Iki lagi rame saiki ws sliweran bengok bengok gak eroh bengi,kari ngenteni cangkeme d tapok corona",---------tit--------
363,Corona ? Yo dipangan ta mb singone üòÅ,"Malang, Jawa Timur"
364,shock tuh ketika dicheck suhu pake thermo gun hasilnya 29 derajat.  Suhu corona kagak suhu mayat iya,"Malang, Jawa Timur"
365,Karena corona keliatanya drakor laku keras üòÇ,Banyuwangi - Malang
366,@humps_cat AYOK ASAL CORONA DAH ADA VAKSINNYA,"Malang, Jawa Timur"
367,Ya emng lagi corona sih. HAHAHAHA.,"Malang, Jawa Timur"
368,"Corona dah ahh gak bisa berharap lebih, sampai kapan ini berahir? 

Ambil hikmanya aja","Malang, Jawa Timur"
369,@subtanyarl Corona hilang :( biar bisa balik malang ntaktir temen ku makan‚Äù,"Malang, Jawa Timur"
370,Sakitt kambuh pas pandemi gini kok was2 corona :'))),"Malang, Jawa Timur"
371,@Rarakusuma12 Corona otw menghampirimu nek dolenmu ga mandek2 !,"Malang, Jawa Timur"
372,@samsularifix Maksud te mosok imbas corona,"Kota Malang, Jawa Timur"
373,setelah hampir 4 bulan gatau pake heeells gara2 corona üòû https://t.co/6gCSa0Exri,"Malang, Jawa Timur"
374,"Hikmah corona . Banyak jomblo dan jomblowati menikah, guna memproduksi jomblo baru",Malang
375,@shadesofcece Corona quickly pass :'(,Malang
376,"Masa - masa corona buang air besar saja, aku berpikir",Malang
377,"@barebackenak Diplototin orang dong dikira corona kali :"")",Malang
378,@ngalamfess yo monggo cek nambah cluster corona maneh,"Malang, Indonesia"
379,@CNNIndonesia Apakah bersendawa juga gejala corona?,Malang 
380,I'm way too excited facing my 21 this year and holla found that corona mess up everything,"Malang, East Java"
381,Pemerintah akan memperluas program bantuan sosial sebagai langkah penanganan dampak virus corona.,"Malang, Jawa Timur"
382,@mmfsph wkwkwk ya gini ini mahasiswa era corona üòÇüôè semangat ea anak geo,"Malang, Jawa Timur"
383,"YLKI Ungkap Alasan Maraknya Obat yang Diklaim Bisa Tangkal Corona

#beraniberubah https://t.co/FW6DTsHQ0J","Malang, Jawa Timur"
384,"Pen liburan ke jogjaaaaa, plisss corona go awaaaay, semoga vaksinnya cepet ketemuuuu üò≠","Malang, East Java"
385,"Sejak pandemi corona, masker ngga cuma untuk mencegah wajah terkena polusi dan debu #BeraniBerubah https://t.co/ecIhdSYa5N","Malang, Indonesia"
386,@AnggaAyunda2 Corona kok bnyk yg nikah offline,"Surabaya, Malang"
387,Corona malek akeh seng nikah yo,"Surabaya, Malang"
388,@dayangdyah corona gini masih jual ga ya orangnya klo jual ak samperin asli,Malang
389,"Sebab corona banyak yg tunangan, banyak yg nikah.
 Kan jadi irii wee üíî
 #dirumahaja","Malang, Jawa Timur"
390,"@Firhand_Ali Yowes gas, gaoleh nyentuh berarti yo... corona soale ojok lali nggowo handsanitizer",Malang
391,Yang pengen mati detik ini. Coba pikir. Gak kasihan apa sama izrail? Udah terlalu sering mencabut nyawa gara2 corona??,"Malang, Jawa Timur"
392,@ngalamfess Hmm corona e di inhale secara langsung,"Malang, Jawa Timur"
393,@aditselalubenar Marine corona sam,"Kota Malang, Jawa Timur"
394,"@difficultwa @subtanyarl terus terus ngode aku ambilin peluit yaa 
nah itulo lapose yaallah panen corona wes embo‚Äî","Kota Malang, Jawa Timur"
395,"Apa corona ini cuma konspirasi? Wkwkwkwkwkwkwk who knows, cuma Tuhan yang tau.","Malang, Jawa Timur"
396,@Nurussholihati kan lagi Corona Lik,"Kota Malang, Jawa Timur"
397,@alfinagitanto @Detafbbyariesta corona pak haji?,"Kota Malang, Jawa Timur"
398,Nih kampung kebanyakan acara. Ga tau lagi musim Corona -_-,"Kota Malang, Jawa Timur"
399,"@AnuLucky11 @uusbiasaaja Join Twitter pas Corona jangan sok keras, haha hayyuk","Malang,Jawa timur,Indonesia"
400,Mulai keroso damage e corona selama 4 ulan arang arang kerjo,"Kota Malang, Jawa Timur"
401,@NeilAisyah @eLQudsyi Semua gara2 corona üôÑ,Malang
402,@___sachl org2 pd gpercaya gara2 org sakit abc dibilang corona semua di rsüò¢,"Malang, East Java"
403,"@MYoessoef @ebesleler70 @VIVAcoid Untung ada corona, pak de terselamatkan.",Malang Indonesia
404,"#wisudahonline udah fiks nih wisudahnya, pdhl yudisium sebelum corona https://t.co/s6IM7ilmD6","malang,Jawa Timur"
405,@bukansugarbaby @pakantono Gelem karo aku a mbak? Kelebihanku negatif corona,"Malang, Jawa Timur"
406,@Arratiar corona jangan suka travelling bang :v,"Kota Malang, Jawa Timur"
407,"""Virus corona itu suka ngebunuh ... sulit dibunuh""‚ùó‚ùó",Malang
408,Ini foto terakhir waktu kuliah offline sebelum corona menyerang :( https://t.co/Q4bu4lj3Pb,"Malang, Jawa Timur"
409,@lvnyas masi musim corona sih setauku,"Malang, Jawa Timur"
410,"@pappeobag Corona be like "" Hello friend Hello my good friend"" https://t.co/ss96aC9TGQ","Malang, Jawa Timur"
411,@tuantentacles_ Corona üòè,Malang
412,@nophindahoz Ambek andalane: jarene si iki lho corona iku gak anu kok.,"Malang, Jawa Timur"
413,"@R_AdliPutra wkwkwkwk pandemi sudah berakhir, corona menyerang setiap otak insang2 di dunia",Malang
414,"@wargalowokwaru ahahaha, kelamaan corona jadi haus semua ilmu gasi, pgn kenal org baru jg utk bekal kehidupan sesungguhnya, weenaak",Kota Malang
415,"Di bondowoso dan Bwi orang orang pada resepsian, Emangnya corona uda kelar?",Malang
416,"Bilangnya gak di bolehin orang tua  maen"" karna corona eh kok di story udh maen"" terus yaaaa, maksud nya apa andaaa kok lucu sih üòÇ","Malang, Jawa Timur"
417,@cynemax kita yg tertawa lihat corona hahaha,"Kota Malang, Jawa Timur"
418,"Can i just say, mall lebih aman dari corona than masjid?","Malang, Jawa Timur"
419,@adiliananurdin Wah sayang banget... Pokoknya hbis corona lngsung deh cuss kesana hehe,"Malang, Jawa Timur"
420,@muhammadnafi_99 Benerrrr pol :( tp sek corona hiks,malang
421,"@hellblaupcy @DiaryBaper_ID Mau balik rantau, tapi corona blm minggatüòÖ",Malang
422,"@subtanyarl Jajaran petinggi, ponpes azmi, musim corona.","Malang, Jawa Timur"
423,"@hayolosopokowe @K_DramaIndo Tp  it's okay not to be okay ada tuh, pdln pas corona","Malang, Jawa Timur"
424,@naburo Corona bikin nikah jd affordable,"Malang, Jawa Timur"
425,"@stareulight jeriwi dah ada obatnya
corona belum",Malang
426,@MelindaAghnia Ancen corona ngelamak,"Kota Malang, Jawa Timur"
427,"Corona ancen nggarai gelut ae sumpah, kon lek gak moleh moleh nang nggenmu tak jegal kon.","Malang, Jawa Timur"
428,"corona iki ono tenan opo ora to jane iki 
jiancoook tenan!",Malang
429,"@collegemenfess Ngechat pak yasin ambek pak husnan trus moro corona teko, jancok","Malang, Jawa Timur"
430,"@aulmaulidiana Ya emang burik aja sih pake masker
Tapi kasian yang sudah pake masker, kena corona lagi 
Hiyahiyahiya","Malang, Jawa Timur"
431,"Corona merubah sistem ini..
#sistembaru2020 https://t.co/WEeoeueNXA","Kota Malang, Jawa Timur"
432,@ineedtatertHots corona gini nyari resepsi nikahan ga nemu kit :((,"Surakarta, Central Java"
433,"@Franciscaawn Mumpung corona yekan, gak perlu gae acara resepsi, gak perlu dana terlalu akeh","Malang, Jawa Timur"
